{
  "query": "skylineoffice",
  "total_pages": 6,
  "top_matches": [
    {
      "page_number": 3,
      "similarity_score": 0.59765625,
      "page_text": "Get St ar t ed\nMidship Demo\nMidship\n02:20\nHow does the data extraction work10/31/24, 4:20 PM Midship - Extract docs straight into your spreadsheets\nhttps://midship.ai/cre 4/6"
    },
    {
      "page_number": 0,
      "similarity_score": 0.5703125,
      "page_text": "Get St ar t ed\nEx tr act de al dat a\nRent Rolls, Financials e xtracted into your Excel in seconds. No ne w tools.\nOr ganiz e and tr ack de als\nAll deal data in one place t o respond faster to borrowers, lenders and s takeholders.\nPull an y dat a fr om a de al\nProprietary AI for QnA about e very deal in your pipeline.\nAI built for commercial real estate teams\nQuote deals faster than your competitors \nwith artificial intelligence\nStreamline your deal origination pr ocesses to outperform the mar ket.About ContactUse Cases B a c k e d  b y\n Book Demo10/31/24, 4:20 PM Midship - Extract docs straight into your spreadsheets\nhttps://midship.ai/cre 1/6"
    },
    {
      "page_number": 1,
      "similarity_score": 0.498046875,
      "page_text": "Data entry is losing you deals to competitors. \nOur AI transforms hours of underwriting prep into minutes, helping you quote \nfirst and win more.\nExtract data from raw deal documents in seconds\nUpload any deal document and our AI e xtracts the data you need. No mor e anal y s t or 3r d p ar t y dat a entr y .\n10/31/24, 4:20 PM Midship - Extract docs straight into your spreadsheets\nhttps://midship.ai/cre 2/6"
    }
  ]
}